{"cameraMode":{"drawMode":0,"name":"Shaded","section":"Shading Mode"},"sceneLighting":true,"audioPlay":false,"sceneViewState":{"m_AlwaysRefresh":false,"showFog":true,"showSkybox":true,"showFlares":true,"showImageEffects":true,"showParticleSystems":true,"showVisualEffectGraphs":true,"m_FxEnabled":true},"in2DMode":false,"pivot":{"x":2.8718557357788088,"y":0.9018791913986206,"z":-1.1588833332061768},"rotation":{"x":0.08964241296052933,"y":-0.38802748918533327,"z":0.037953004240989688,"w":0.916493833065033},"size":0.16684812307357789,"orthographic":false}